Sample;Plate;Pretreatment;Treatment;Day_S;Survival;Day_P;Pupation;Day_E;Eclosure
1;1;K;P;2;1;28;0;28;0
2;1;K;P;3;1;28;0;28;0
3;1;K;P;9;1;28;0;28;0
4;1;K;P;14;0;28;0;28;0
5;1;K;P;14;0;28;0;28;0
6;1;K;P;14;0;28;0;28;0
7;1;K;P;14;0;28;0;28;0
8;1;K;P;14;0;28;0;28;0
9;1;K;P;14;0;28;0;28;0
10;1;K;P;14;0;28;0;28;0
11;1;K;P;14;0;28;0;28;0
12;1;K;P;14;0;28;0;28;0
13;1;K;P;14;0;28;0;28;0
14;1;K;P;14;0;28;0;28;0
15;1;A;P;2;1;28;0;28;0
16;1;A;P;2;1;28;0;28;0
17;1;A;P;2;1;28;0;28;0
18;1;A;P;8;1;28;0;28;0
19;1;A;P;11;1;28;0;28;0
20;1;A;P;14;0;28;0;28;0
21;1;A;P;14;0;28;0;28;0
22;1;A;P;14;0;28;0;28;0
23;1;A;P;14;0;28;0;28;0
24;1;A;P;14;0;28;0;28;0
25;1;A;P;14;0;28;0;28;0
26;1;A;P;14;0;28;0;28;0
27;1;A;P;14;0;14;1;20;1
28;1;A;P;14;0;17;1;24;1
29;1;L2;P;1;1;28;0;28;0
30;1;L2;P;1;1;28;0;28;0
31;1;L2;P;5;1;28;0;28;0
32;1;L2;P;14;0;28;0;28;0
33;1;L2;P;14;0;28;0;28;0
34;1;L2;P;14;0;28;0;28;0
35;1;L2;P;14;0;28;0;28;0
36;1;L2;P;14;0;28;0;28;0
37;1;L2;P;14;0;28;0;28;0
38;1;L2;P;14;0;28;0;28;0
39;1;L2;P;14;0;16;1;20;1
40;1;L2;P;14;0;14;1;20;1
41;1;L3;P;14;0;28;0;28;0
42;1;L3;P;14;0;28;0;28;0
43;1;L3;P;14;0;28;0;28;0
44;1;L3;P;14;0;28;0;28;0
45;1;L3;P;14;0;28;0;28;0
46;1;L3;P;14;0;28;0;28;0
47;1;L3;P;14;0;28;0;28;0
48;1;L3;P;14;0;28;0;28;0
49;1;L3;P;14;0;9;1;15;1
50;1;L3;P;14;0;14;1;20;1
51;1;L3;P;14;0;14;1;20;1
52;1;L6;P;2;1;28;0;28;0
53;1;L6;P;8;1;28;0;28;0
54;1;L6;P;14;0;28;0;28;0
55;1;L6;P;14;0;28;0;28;0
56;1;L6;P;14;0;28;0;28;0
57;1;L6;P;14;0;28;0;28;0
58;1;L6;P;14;0;28;0;28;0
59;1;L6;P;14;0;28;0;28;0
60;1;L6;P;14;0;28;0;28;0
61;1;L6;P;14;0;28;0;28;0
62;1;L6;P;14;0;28;0;28;0
63;1;L6;P;14;0;14;1;20;1
64;1;L6;P;14;0;15;1;20;1
65;1;P;P;1;1;28;0;28;0
66;1;P;P;13;1;28;0;28;0
67;1;P;P;14;0;28;0;28;0
68;1;P;P;14;0;28;0;28;0
69;1;P;P;14;0;28;0;28;0
70;1;P;P;14;0;28;0;28;0
71;1;P;P;14;0;28;0;28;0
72;1;P;P;14;0;28;0;28;0
73;1;P;P;14;0;28;0;28;0
74;1;P;P;14;0;28;0;28;0
75;1;P;P;14;0;28;0;28;0
76;1;P;P;14;0;28;0;28;0
77;1;P;P;14;0;19;1;24;1
78;2;K;B;1;1;;;;
79;2;K;B;1;1;;;;
80;2;K;B;1;1;;;;
81;2;K;B;1;1;;;;
82;2;K;B;1;1;;;;
83;2;K;B;1;1;;;;
84;2;K;B;1;1;;;;
85;2;K;B;1;1;;;;
86;2;K;B;1;1;;;;
87;2;K;B;3;1;;;;
88;2;K;B;3;1;;;;
89;2;K;B;8;1;;;;
90;2;K;B;9;1;;;;
91;2;K;B;9;1;;;;
92;2;K;B;9;1;;;;
93;2;K;B;11;1;;;;
94;2;A;B;1;1;;;;
95;2;A;B;1;1;;;;
96;2;A;B;1;1;;;;
97;2;A;B;1;1;;;;
98;2;A;B;2;1;;;;
99;2;A;B;3;1;;;;
100;2;A;B;4;1;;;;
101;2;A;B;4;1;;;;
102;2;A;B;9;1;;;;
103;2;A;B;9;1;;;;
104;2;A;B;10;1;;;;
105;2;A;B;11;1;;;;
106;2;A;B;12;1;;;;
107;2;A;B;13;1;;;;
108;2;A;B;14;0;;;;
109;2;A;B;14;0;;;;
110;2;L2;B;1;1;;;;
111;2;L2;B;2;1;;;;
112;2;L2;B;3;1;;;;
113;2;L2;B;4;1;;;;
114;2;L2;B;5;1;;;;
115;2;L2;B;7;1;;;;
116;2;L2;B;9;1;;;;
117;2;L2;B;9;1;;;;
118;2;L2;B;10;1;;;;
119;2;L2;B;11;1;;;;
120;2;L2;B;11;1;;;;
121;2;L2;B;13;1;;;;
122;2;L2;B;14;0;;;;
123;2;L2;B;14;0;;;;
124;2;L2;B;14;0;;;;
125;2;L3;B;1;1;;;;
126;2;L3;B;1;1;;;;
127;2;L3;B;1;1;;;;
128;2;L3;B;1;1;;;;
129;2;L3;B;1;1;;;;
130;2;L3;B;2;1;;;;
131;2;L3;B;4;1;;;;
132;2;L3;B;5;1;;;;
133;2;L3;B;10;1;;;;
134;2;L3;B;10;1;;;;
135;2;L3;B;13;1;;;;
136;2;L3;B;14;0;;;;
137;2;L3;B;14;0;;;;
138;2;L3;B;14;0;;;;
139;2;L3;B;14;0;;;;
140;2;L6;B;1;1;;;;
141;2;L6;B;1;1;;;;
142;2;L6;B;1;1;;;;
143;2;L6;B;1;1;;;;
144;2;L6;B;1;1;;;;
145;2;L6;B;1;1;;;;
146;2;L6;B;2;1;;;;
147;2;L6;B;2;1;;;;
148;2;L6;B;2;1;;;;
149;2;L6;B;8;1;;;;
150;2;L6;B;8;1;;;;
151;2;L6;B;9;1;;;;
152;2;L6;B;10;1;;;;
153;2;L6;B;10;1;;;;
154;2;L6;B;12;1;;;;
155;2;L6;B;14;1;;;;
156;2;P;B;1;1;;;;
157;2;P;B;1;1;;;;
158;2;P;B;1;1;;;;
159;2;P;B;1;1;;;;
160;2;P;B;8;1;;;;
161;2;P;B;9;1;;;;
162;2;P;B;9;1;;;;
163;2;P;B;10;1;;;;
164;2;P;B;14;1;;;;
165;2;P;B;14;0;;;;
166;2;P;B;14;0;;;;
167;2;P;B;14;0;;;;
168;2;P;B;14;0;;;;
169;2;P;B;14;0;;;;
170;3;K;P;2;1;28;0;28;0
171;3;K;P;3;1;28;0;28;0
172;3;K;P;6;1;28;0;28;0
173;3;K;P;9;1;28;0;28;0
174;3;K;P;14;0;28;0;28;0
175;3;K;P;14;0;28;0;28;0
176;3;K;P;14;0;28;0;28;0
177;3;K;P;14;0;28;0;28;0
178;3;K;P;14;0;28;0;28;0
179;3;K;P;14;0;28;0;28;0
180;3;K;P;14;0;28;0;28;0
181;3;K;P;14;0;28;0;28;0
182;3;K;P;14;0;28;0;28;0
183;3;K;P;14;0;28;0;28;0
184;3;K;P;14;0;28;0;28;0
185;3;K;P;14;0;28;0;28;0
186;3;A;P;3;1;28;0;28;0
187;3;A;P;4;1;28;0;28;0
188;3;A;P;6;1;28;0;28;0
189;3;A;P;14;0;28;0;28;0
190;3;A;P;14;0;28;0;28;0
191;3;A;P;14;0;28;0;28;0
192;3;A;P;14;0;28;0;28;0
193;3;A;P;14;0;28;0;28;0
194;3;A;P;14;0;28;0;28;0
195;3;A;P;14;0;28;0;28;0
196;3;A;P;14;0;28;0;28;0
197;3;A;P;14;0;28;0;28;0
198;3;A;P;14;0;28;0;28;0
199;3;A;P;14;0;28;0;28;0
200;3;A;P;14;0;28;0;28;0
201;3;A;P;14;0;28;0;28;0
202;3;L2;P;2;1;28;0;28;0
203;3;L2;P;3;1;28;0;28;0
204;3;L2;P;13;1;28;0;28;0
205;3;L2;P;14;0;28;0;28;0
206;3;L2;P;14;0;28;0;28;0
207;3;L2;P;14;0;28;0;28;0
208;3;L2;P;14;0;28;0;28;0
209;3;L2;P;14;0;28;0;28;0
210;3;L2;P;14;0;28;0;28;0
211;3;L2;P;14;0;28;0;28;0
212;3;L2;P;14;0;28;0;28;0
213;3;L2;P;14;0;28;0;28;0
214;3;L2;P;14;0;28;0;28;0
215;3;L2;P;14;0;28;0;28;0
216;3;L2;P;14;0;28;0;28;0
217;3;L2;P;14;0;28;0;28;0
218;3;L3;P;11;1;28;0;28;0
219;3;L3;P;14;0;28;0;28;0
220;3;L3;P;14;0;28;0;28;0
221;3;L3;P;14;0;28;0;28;0
222;3;L3;P;14;0;28;0;28;0
223;3;L3;P;14;0;28;0;28;0
224;3;L3;P;14;0;28;0;28;0
225;3;L3;P;14;0;28;0;28;0
226;3;L3;P;14;0;28;0;28;0
227;3;L3;P;14;0;28;0;28;0
228;3;L3;P;14;0;28;0;28;0
229;3;L3;P;14;0;28;0;28;0
230;3;L3;P;14;0;28;0;28;0
231;3;L3;P;14;0;28;0;28;0
232;3;L3;P;14;0;28;0;28;0
233;3;L3;P;14;0;28;0;28;0
234;3;L6;P;1;1;28;0;28;0
235;3;L6;P;1;1;28;0;28;0
236;3;L6;P;14;1;28;0;28;0
237;3;L6;P;14;0;28;0;28;0
238;3;L6;P;14;0;28;0;28;0
239;3;L6;P;14;0;28;0;28;0
240;3;L6;P;14;0;28;0;28;0
241;3;L6;P;14;0;28;0;28;0
242;3;L6;P;14;0;28;0;28;0
243;3;L6;P;14;0;28;0;28;0
244;3;L6;P;14;0;28;0;28;0
245;3;L6;P;14;0;28;0;28;0
246;3;L6;P;14;0;28;0;28;0
247;3;L6;P;14;0;28;0;28;0
248;3;L6;P;14;0;28;0;28;0
249;3;L6;P;14;0;28;0;28;0
250;3;P;P;14;0;28;0;28;0
251;3;P;P;14;0;28;0;28;0
252;3;P;P;14;0;28;0;28;0
253;3;P;P;14;0;28;0;28;0
254;3;P;P;14;0;28;0;28;0
255;3;P;P;14;0;28;0;28;0
256;3;P;P;14;0;28;0;28;0
257;3;P;P;14;0;28;0;28;0
258;3;P;P;14;0;28;0;28;0
259;3;P;P;14;0;28;0;28;0
260;3;P;P;14;0;28;0;28;0
261;3;P;P;14;0;28;0;28;0
262;3;P;P;14;0;28;0;28;0
263;3;P;P;14;0;28;0;28;0
264;3;P;P;14;0;13;1;19;1
265;3;P;P;14;0;16;1;22;1
266;4;K;B;1;1;;;;
267;4;K;B;1;1;;;;
268;4;K;B;1;1;;;;
269;4;K;B;1;1;;;;
270;4;K;B;1;1;;;;
271;4;K;B;1;1;;;;
272;4;K;B;1;1;;;;
273;4;K;B;5;1;;;;
274;4;K;B;5;1;;;;
275;4;K;B;8;1;;;;
276;4;K;B;9;1;;;;
277;4;K;B;11;1;;;;
278;4;K;B;11;1;;;;
279;4;K;B;12;1;;;;
280;4;K;B;12;1;;;;
281;4;K;B;14;1;;;;
282;4;A;B;1;1;;;;
283;4;A;B;1;1;;;;
284;4;A;B;4;1;;;;
285;4;A;B;5;1;;;;
286;4;A;B;6;1;;;;
287;4;A;B;8;1;;;;
288;4;A;B;12;1;;;;
289;4;A;B;13;1;;;;
290;4;A;B;13;1;;;;
291;4;A;B;14;0;;;;
292;4;A;B;14;0;;;;
293;4;A;B;14;0;;;;
294;4;A;B;14;0;;;;
295;4;A;B;14;0;;;;
296;4;A;B;14;0;;;;
297;4;A;B;14;0;;;;
298;4;L2;B;1;1;;;;
299;4;L2;B;1;1;;;;
300;4;L2;B;1;1;;;;
301;4;L2;B;1;1;;;;
302;4;L2;B;1;1;;;;
303;4;L2;B;1;1;;;;
304;4;L2;B;1;1;;;;
305;4;L2;B;1;1;;;;
306;4;L2;B;1;1;;;;
307;4;L2;B;1;1;;;;
308;4;L2;B;1;1;;;;
309;4;L2;B;1;1;;;;
310;4;L2;B;9;1;;;;
311;4;L2;B;11;1;;;;
312;4;L2;B;13;1;;;;
313;4;L2;B;14;0;;;;
314;4;L3;B;1;1;;;;
315;4;L3;B;1;1;;;;
316;4;L3;B;1;1;;;;
317;4;L3;B;1;1;;;;
318;4;L3;B;1;1;;;;
319;4;L3;B;1;1;;;;
320;4;L3;B;1;1;;;;
321;4;L3;B;5;1;;;;
322;4;L3;B;8;1;;;;
323;4;L3;B;8;1;;;;
324;4;L3;B;8;1;;;;
325;4;L3;B;9;1;;;;
326;4;L3;B;12;1;;;;
327;4;L3;B;14;1;;;;
328;4;L3;B;14;1;;;;
329;4;L3;B;14;0;;;;
330;4;L6;B;1;1;;;;
331;4;L6;B;1;1;;;;
332;4;L6;B;1;1;;;;
333;4;L6;B;1;1;;;;
334;4;L6;B;1;1;;;;
335;4;L6;B;1;1;;;;
336;4;L6;B;1;1;;;;
337;4;L6;B;2;1;;;;
338;4;L6;B;4;1;;;;
339;4;L6;B;10;1;;;;
340;4;L6;B;13;1;;;;
341;4;L6;B;14;0;;;;
342;4;L6;B;14;0;;;;
343;4;L6;B;14;0;;;;
344;4;L6;B;14;0;;;;
345;4;L6;B;14;0;;;;
346;4;P;B;1;1;;;;
347;4;P;B;1;1;;;;
348;4;P;B;1;1;;;;
349;4;P;B;1;1;;;;
350;4;P;B;1;1;;;;
351;4;P;B;1;1;;;;
352;4;P;B;2;1;;;;
353;4;P;B;3;1;;;;
354;4;P;B;5;1;;;;
355;4;P;B;11;1;;;;
356;4;P;B;11;1;;;;
357;4;P;B;11;1;;;;
358;4;P;B;14;0;;;;
359;4;P;B;14;0;;;;
360;4;P;B;14;0;;;;
361;4;P;B;14;0;;;;
362;5;K;P;14;0;28;0;28;0
363;5;K;P;14;0;28;0;28;0
364;5;K;P;14;0;28;0;28;0
365;5;K;P;14;0;28;0;28;0
366;5;K;P;14;0;28;0;28;0
367;5;K;P;14;0;28;0;28;0
368;5;K;P;14;0;28;0;28;0
369;5;K;P;14;0;28;0;28;0
370;5;K;P;14;0;28;0;28;0
371;5;K;P;14;0;28;0;28;0
372;5;K;P;14;0;28;0;28;0
373;5;A;P;5;1;28;0;28;0
374;5;A;P;11;1;28;0;28;0
375;5;A;P;12;1;28;0;28;0
376;5;A;P;14;0;28;0;28;0
377;5;A;P;14;0;28;0;28;0
378;5;A;P;14;0;28;0;28;0
379;5;A;P;14;0;28;0;28;0
380;5;A;P;14;0;28;0;28;0
381;5;A;P;14;0;28;0;28;0
382;5;A;P;14;0;28;0;28;0
383;5;L2;P;9;1;28;0;28;0
384;5;L2;P;14;0;28;0;28;0
385;5;L2;P;14;0;28;0;28;0
386;5;L2;P;14;0;28;0;28;0
387;5;L2;P;14;0;28;0;28;0
388;5;L2;P;14;0;28;0;28;0
389;5;L3;P;1;1;28;0;28;0
390;5;L3;P;2;1;28;0;28;0
391;5;L3;P;8;1;28;0;28;0
392;5;L3;P;14;0;28;0;28;0
393;5;L3;P;14;0;28;0;28;0
394;5;L3;P;14;0;28;0;28;0
395;5;L3;P;14;0;28;0;28;0
396;5;L3;P;14;0;28;0;28;0
397;5;L3;P;14;0;15;1;26;1
398;5;L6;P;9;1;28;0;28;0
399;5;L6;P;11;1;28;0;28;0
400;5;L6;P;14;0;28;0;28;0
401;5;L6;P;14;0;28;0;28;0
402;5;L6;P;14;0;28;0;28;0
403;5;L6;P;14;0;28;0;28;0
404;5;L6;P;14;0;28;0;28;0
405;5;L6;P;14;0;28;0;28;0
406;5;L6;P;14;0;28;0;28;0
407;5;L6;P;14;0;28;0;28;0
408;5;L6;P;14;0;28;0;28;0
409;5;L6;P;14;0;28;0;28;0
410;5;P;P;14;0;28;0;28;0
411;5;P;P;14;0;28;0;28;0
412;5;P;P;14;0;28;0;28;0
413;5;P;P;14;0;28;0;28;0
414;5;P;P;14;0;28;0;28;0
415;5;P;P;14;0;28;0;28;0
416;5;P;P;14;0;28;0;28;0
417;5;P;P;14;0;28;0;28;0
418;6;K;B;1;1;;;;
419;6;K;B;1;1;;;;
420;6;K;B;1;1;;;;
421;6;K;B;1;1;;;;
422;6;K;B;1;1;;;;
423;6;K;B;1;1;;;;
424;6;K;B;1;1;;;;
425;6;K;B;1;1;;;;
426;6;K;B;2;1;;;;
427;6;K;B;2;1;;;;
428;6;K;B;6;1;;;;
429;6;K;B;8;1;;;;
430;6;K;B;8;1;;;;
431;6;K;B;13;1;;;;
432;6;K;B;14;0;;;;
433;6;A;B;1;1;;;;
434;6;A;B;1;1;;;;
435;6;A;B;1;1;;;;
436;6;A;B;1;1;;;;
437;6;A;B;1;1;;;;
438;6;A;B;1;1;;;;
439;6;A;B;2;1;;;;
440;6;A;B;5;1;;;;
441;6;A;B;5;1;;;;
442;6;A;B;9;1;;;;
443;6;A;B;10;1;;;;
444;6;A;B;12;1;;;;
445;6;A;B;14;1;;;;
446;6;A;B;14;0;;;;
447;6;A;B;14;0;;;;
448;6;L2;B;1;1;;;;
449;6;L2;B;1;1;;;;
450;6;L2;B;1;1;;;;
451;6;L2;B;1;1;;;;
452;6;L2;B;1;1;;;;
453;6;L2;B;1;1;;;;
454;6;L2;B;9;1;;;;
455;6;L2;B;10;1;;;;
456;6;L2;B;12;1;;;;
457;6;L2;B;13;1;;;;
458;6;L2;B;13;1;;;;
459;6;L2;B;14;1;;;;
460;6;L2;B;14;1;;;;
461;6;L2;B;14;0;;;;
462;6;L2;B;14;0;;;;
463;6;L3;B;1;1;;;;
464;6;L3;B;1;1;;;;
465;6;L3;B;1;1;;;;
466;6;L3;B;1;1;;;;
467;6;L3;B;1;1;;;;
468;6;L3;B;1;1;;;;
469;6;L3;B;1;1;;;;
470;6;L3;B;2;1;;;;
471;6;L3;B;4;1;;;;
472;6;L3;B;6;1;;;;
473;6;L3;B;6;1;;;;
474;6;L3;B;8;1;;;;
475;6;L3;B;8;1;;;;
476;6;L3;B;11;1;;;;
477;6;L3;B;14;1;;;;
478;6;L6;B;1;1;;;;
479;6;L6;B;1;1;;;;
480;6;L6;B;1;1;;;;
481;6;L6;B;1;1;;;;
482;6;L6;B;8;1;;;;
483;6;L6;B;10;1;;;;
484;6;L6;B;10;1;;;;
485;6;L6;B;13;1;;;;
486;6;L6;B;14;1;;;;
487;6;L6;B;14;0;;;;
488;6;L6;B;14;0;;;;
489;6;L6;B;14;0;;;;
490;6;L6;B;14;0;;;;
491;6;L6;B;14;0;;;;
492;6;L6;B;14;0;;;;
493;6;P;B;1;1;;;;
494;6;P;B;1;1;;;;
495;6;P;B;1;1;;;;
496;6;P;B;1;1;;;;
497;6;P;B;1;1;;;;
498;6;P;B;1;1;;;;
499;6;P;B;1;1;;;;
500;6;P;B;10;1;;;;
501;6;P;B;10;1;;;;
502;6;P;B;10;1;;;;
503;6;P;B;11;1;;;;
504;6;P;B;14;1;;;;
505;6;P;B;14;0;;;;
506;7;K;B;1;1;;;;
507;7;K;B;1;1;;;;
508;7;K;B;1;1;;;;
509;7;K;B;2;1;;;;
510;7;K;B;8;1;;;;
511;7;K;B;8;1;;;;
512;7;K;B;9;1;;;;
513;7;K;B;11;1;;;;
514;7;K;B;11;1;;;;
515;7;K;B;11;1;;;;
516;7;K;B;11;1;;;;
517;7;K;B;11;1;;;;
518;7;K;B;11;1;;;;
519;7;K;B;12;1;;;;
520;7;K;B;14;0;;;;
521;7;A;B;1;1;;;;
522;7;A;B;1;1;;;;
523;7;A;B;1;1;;;;
524;7;A;B;2;1;;;;
525;7;A;B;3;1;;;;
526;7;A;B;5;1;;;;
527;7;A;B;8;1;;;;
528;7;A;B;8;1;;;;
529;7;A;B;10;1;;;;
530;7;A;B;10;1;;;;
531;7;A;B;10;1;;;;
532;7;A;B;11;1;;;;
533;7;A;B;12;1;;;;
534;7;A;B;14;1;;;;
535;7;A;B;14;0;;;;
536;7;A;B;14;0;;;;
537;7;L2;B;1;1;;;;
538;7;L2;B;1;1;;;;
539;7;L2;B;1;1;;;;
540;7;L2;B;1;1;;;;
541;7;L2;B;1;1;;;;
542;7;L2;B;3;1;;;;
543;7;L2;B;4;1;;;;
544;7;L2;B;4;1;;;;
545;7;L2;B;5;1;;;;
546;7;L2;B;6;1;;;;
547;7;L2;B;8;1;;;;
548;7;L2;B;10;1;;;;
549;7;L2;B;12;1;;;;
550;7;L2;B;13;1;;;;
551;7;L2;B;14;1;;;;
552;7;L2;B;14;0;;;;
553;7;L3;B;1;1;;;;
554;7;L3;B;1;1;;;;
555;7;L3;B;1;1;;;;
556;7;L3;B;1;1;;;;
557;7;L3;B;1;1;;;;
558;7;L3;B;2;1;;;;
559;7;L3;B;4;1;;;;
560;7;L3;B;4;1;;;;
561;7;L3;B;7;1;;;;
562;7;L3;B;8;1;;;;
563;7;L3;B;11;1;;;;
564;7;L3;B;14;1;;;;
565;7;L3;B;14;0;;;;
566;7;L3;B;14;0;;;;
567;7;L3;B;14;0;;;;
568;7;L3;B;14;0;;;;
569;7;L6;B;1;1;;;;
570;7;L6;B;1;1;;;;
571;7;L6;B;1;1;;;;
572;7;L6;B;2;1;;;;
573;7;L6;B;3;1;;;;
574;7;L6;B;4;1;;;;
575;7;L6;B;5;1;;;;
576;7;L6;B;5;1;;;;
577;7;L6;B;5;1;;;;
578;7;L6;B;10;1;;;;
579;7;L6;B;10;1;;;;
580;7;L6;B;14;0;;;;
581;7;L6;B;14;0;;;;
582;7;L6;B;14;0;;;;
583;7;L6;B;14;0;;;;
584;7;P;B;1;1;;;;
585;7;P;B;1;1;;;;
586;7;P;B;1;1;;;;
587;7;P;B;3;1;;;;
588;7;P;B;6;1;;;;
589;7;P;B;6;1;;;;
590;7;P;B;8;1;;;;
591;7;P;B;10;1;;;;
592;7;P;B;10;1;;;;
593;7;P;B;11;1;;;;
594;7;P;B;12;1;;;;
595;7;P;B;13;1;;;;
596;7;P;B;14;0;;;;
597;7;P;B;14;0;;;;
598;7;P;B;14;0;;;;
599;7;P;B;14;0;;;;
600;8;K;P;1;1;28;0;28;0
601;8;K;P;14;0;28;0;28;0
602;8;K;P;14;0;28;0;28;0
603;8;K;P;14;0;28;0;28;0
604;8;K;P;14;0;28;0;28;0
605;8;K;P;14;0;28;0;28;0
606;8;K;P;14;0;28;0;28;0
607;8;K;P;14;0;28;0;28;0
608;8;K;P;14;0;28;0;28;0
609;8;K;P;14;0;28;0;28;0
610;8;K;P;14;0;28;0;28;0
611;8;K;P;14;0;28;0;28;0
612;8;K;P;14;0;28;0;28;0
613;8;K;P;14;0;9;1;15;1
614;8;K;P;14;0;22;1;28;1
615;8;A;P;3;1;28;0;28;0
616;8;A;P;14;0;28;0;28;0
617;8;A;P;14;0;28;0;28;0
618;8;A;P;14;0;28;0;28;0
619;8;A;P;14;0;28;0;28;0
620;8;A;P;14;0;28;0;28;0
621;8;A;P;14;0;28;0;28;0
622;8;A;P;14;0;28;0;28;0
623;8;A;P;14;0;28;0;28;0
624;8;A;P;14;0;28;0;28;0
625;8;A;P;14;0;28;0;28;0
626;8;A;P;14;0;28;0;28;0
627;8;A;P;14;0;8;1;15;1
628;8;A;P;14;0;15;1;21;1
629;8;A;P;14;0;19;1;24;1
630;8;A;P;14;0;20;1;24;1
631;8;L2;P;14;1;28;0;28;0
632;8;L2;P;14;0;28;0;28;0
633;8;L2;P;14;0;28;0;28;0
634;8;L2;P;14;0;28;0;28;0
635;8;L2;P;14;0;28;0;28;0
636;8;L2;P;14;0;8;1;13;1
637;8;L2;P;14;0;8;1;13;1
638;8;L2;P;14;0;8;1;16;1
639;8;L2;P;14;0;9;1;15;1
640;8;L2;P;14;0;10;1;15;1
641;8;L2;P;14;0;15;1;21;1
642;8;L2;P;14;0;16;1;20;1
643;8;L3;P;3;1;28;0;28;0
644;8;L3;P;14;0;28;0;28;0
645;8;L3;P;14;0;28;0;28;0
646;8;L3;P;14;0;28;0;28;0
647;8;L3;P;14;0;28;0;28;0
648;8;L3;P;14;0;28;0;28;0
649;8;L3;P;14;0;28;0;28;0
650;8;L3;P;14;0;28;0;28;0
651;8;L3;P;14;0;28;0;28;0
652;8;L3;P;14;0;28;0;28;0
653;8;L3;P;14;0;28;0;28;0
654;8;L3;P;14;0;28;0;28;0
655;8;L3;P;14;0;28;0;28;0
656;8;L3;P;14;0;28;0;28;0
657;8;L3;P;14;0;16;1;22;1
658;8;L6;P;4;1;28;0;28;0
659;8;L6;P;8;1;28;0;28;0
660;8;L6;P;9;1;28;0;28;0
661;8;L6;P;14;0;28;0;28;0
662;8;L6;P;14;0;28;0;28;0
663;8;L6;P;14;0;6;1;14;1
664;8;L6;P;14;0;8;1;13;1
665;8;L6;P;14;0;8;1;14;1
666;8;L6;P;14;0;9;1;15;1
667;8;L6;P;14;0;11;1;17;1
668;8;L6;P;14;0;11;1;17;1
669;8;L6;P;14;0;15;1;22;1
670;8;L6;P;14;0;16;1;22;1
671;8;L6;P;14;0;17;1;24;1
672;8;P;P;4;1;28;0;28;0
673;8;P;P;7;1;28;0;28;0
674;8;P;P;8;1;28;0;28;0
675;8;P;P;14;0;28;0;28;0
676;8;P;P;14;0;28;0;28;0
677;8;P;P;14;0;28;0;28;0
678;8;P;P;14;0;28;0;28;0
679;8;P;P;14;0;28;0;28;0
680;8;P;P;14;0;28;0;28;0
681;8;P;P;14;0;28;0;28;0
682;8;P;P;14;0;28;0;28;0
683;8;P;P;14;0;28;0;28;0
684;8;P;P;14;0;28;0;28;0
685;8;P;P;14;0;28;0;28;0
686;8;P;P;14;0;28;0;28;0
687;9;K;P;2;1;28;0;28;0
688;9;K;P;14;0;28;0;28;0
689;9;K;P;14;0;28;0;28;0
690;9;K;P;14;0;28;0;28;0
691;9;K;P;14;0;28;0;28;0
692;9;K;P;14;0;28;0;28;0
693;9;K;P;14;0;28;0;28;0
694;9;K;P;14;0;28;0;28;0
695;9;K;P;14;0;28;0;28;0
696;9;K;P;14;0;28;0;28;0
697;9;K;P;14;0;28;0;28;0
698;9;K;P;14;0;28;0;28;0
699;9;K;P;14;0;14;1;20;1
700;9;K;P;14;0;15;1;20;1
701;9;K;P;14;0;18;1;24;1
702;9;A;P;1;1;28;0;28;0
703;9;A;P;14;0;28;0;28;0
704;9;A;P;14;0;28;0;28;0
705;9;A;P;14;0;28;0;28;0
706;9;A;P;14;0;28;0;28;0
707;9;A;P;14;0;28;0;28;0
708;9;A;P;14;0;28;0;28;0
709;9;A;P;14;0;28;0;28;0
710;9;A;P;14;0;28;0;28;0
711;9;A;P;14;0;28;0;28;0
712;9;A;P;14;0;11;1;18;1
713;9;A;P;14;0;19;1;24;1
714;9;L2;P;1;1;28;0;28;0
715;9;L2;P;1;1;28;0;28;0
716;9;L2;P;4;1;28;0;28;0
717;9;L2;P;13;1;28;0;28;0
718;9;L2;P;14;0;28;0;28;0
719;9;L2;P;14;0;28;0;28;0
720;9;L2;P;14;0;28;0;28;0
721;9;L2;P;14;0;28;0;28;0
722;9;L2;P;14;0;28;0;28;0
723;9;L2;P;14;0;28;0;28;0
724;9;L2;P;14;0;28;0;28;0
725;9;L2;P;14;0;28;0;28;0
726;9;L2;P;14;0;28;0;28;0
727;9;L2;P;14;0;28;0;28;0
728;9;L2;P;14;0;28;0;28;0
729;9;L2;P;14;0;28;0;28;0
730;9;L3;P;6;1;28;0;28;0
731;9;L3;P;14;0;28;0;28;0
732;9;L3;P;14;0;28;0;28;0
733;9;L3;P;14;0;28;0;28;0
734;9;L3;P;14;0;28;0;28;0
735;9;L3;P;14;0;28;0;28;0
736;9;L3;P;14;0;28;0;28;0
737;9;L3;P;14;0;28;0;28;0
738;9;L3;P;14;0;28;0;28;0
739;9;L3;P;14;0;28;0;28;0
740;9;L3;P;14;0;28;0;28;0
741;9;L3;P;14;0;28;0;28;0
742;9;L3;P;14;0;28;0;28;0
743;9;L3;P;14;0;28;0;28;0
744;9;L3;P;14;0;28;0;28;0
745;9;L6;P;1;1;28;0;28;0
746;9;L6;P;6;1;28;0;28;0
747;9;L6;P;14;0;28;0;28;0
748;9;L6;P;14;0;28;0;28;0
749;9;L6;P;14;0;28;0;28;0
750;9;L6;P;14;0;28;0;28;0
751;9;L6;P;14;0;28;0;28;0
752;9;L6;P;14;0;28;0;28;0
753;9;L6;P;14;0;28;0;28;0
754;9;L6;P;14;0;28;0;28;0
755;9;L6;P;14;0;28;0;28;0
756;9;L6;P;14;0;28;0;28;0
757;9;L6;P;14;0;28;0;28;0
758;9;L6;P;14;0;28;0;28;0
759;9;L6;P;14;0;28;0;28;0
760;9;P;P;3;1;28;0;28;0
761;9;P;P;3;1;28;0;28;0
762;9;P;P;14;0;28;0;28;0
763;9;P;P;14;0;28;0;28;0
764;9;P;P;14;0;28;0;28;0
765;9;P;P;14;0;28;0;28;0
766;9;P;P;14;0;28;0;28;0
767;9;P;P;14;0;28;0;28;0
768;9;P;P;14;0;28;0;28;0
769;9;P;P;14;0;28;0;28;0
770;9;P;P;14;0;28;0;28;0
771;9;P;P;14;0;28;0;28;0
772;9;P;P;14;0;28;0;28;0
773;9;P;P;14;0;28;0;28;0
774;9;P;P;14;0;28;0;28;0
775;9;P;P;14;0;24;1;26;1
776;10;K;B;1;1;;;;
777;10;K;B;1;1;;;;
778;10;K;B;1;1;;;;
779;10;K;B;1;1;;;;
780;10;K;B;1;1;;;;
781;10;K;B;1;1;;;;
782;10;K;B;3;1;;;;
783;10;K;B;7;1;;;;
784;10;K;B;8;1;;;;
785;10;K;B;11;1;;;;
786;10;K;B;12;1;;;;
787;10;K;B;14;1;;;;
788;10;K;B;14;0;;;;
789;10;K;B;14;0;;;;
790;10;A;B;1;1;;;;
791;10;A;B;1;1;;;;
792;10;A;B;1;1;;;;
793;10;A;B;1;1;;;;
794;10;A;B;1;1;;;;
795;10;A;B;1;1;;;;
796;10;A;B;6;1;;;;
797;10;A;B;11;1;;;;
798;10;A;B;12;1;;;;
799;10;A;B;13;1;;;;
800;10;A;B;14;1;;;;
801;10;A;B;14;0;;;;
802;10;A;B;14;0;;;;
803;10;A;B;14;0;;;;
804;10;A;B;14;0;;;;
805;10;L2;B;1;1;;;;
806;10;L2;B;1;1;;;;
807;10;L2;B;1;1;;;;
808;10;L2;B;4;1;;;;
809;10;L2;B;4;1;;;;
810;10;L2;B;8;1;;;;
811;10;L2;B;9;1;;;;
812;10;L2;B;10;1;;;;
813;10;L2;B;10;1;;;;
814;10;L2;B;11;1;;;;
815;10;L2;B;12;1;;;;
816;10;L2;B;14;0;;;;
817;10;L2;B;14;0;;;;
818;10;L2;B;14;0;;;;
819;10;L3;B;1;1;;;;
820;10;L3;B;1;1;;;;
821;10;L3;B;1;1;;;;
822;10;L3;B;1;1;;;;
823;10;L3;B;1;1;;;;
824;10;L3;B;2;1;;;;
825;10;L3;B;3;1;;;;
826;10;L3;B;3;1;;;;
827;10;L3;B;5;1;;;;
828;10;L3;B;7;1;;;;
829;10;L3;B;12;1;;;;
830;10;L3;B;13;1;;;;
831;10;L3;B;14;1;;;;
832;10;L3;B;14;0;;;;
833;10;L3;B;14;0;;;;
834;10;L6;B;1;1;;;;
835;10;L6;B;1;1;;;;
836;10;L6;B;1;1;;;;
837;10;L6;B;1;1;;;;
838;10;L6;B;1;1;;;;
839;10;L6;B;1;1;;;;
840;10;L6;B;3;1;;;;
841;10;L6;B;3;1;;;;
842;10;L6;B;5;1;;;;
843;10;L6;B;6;1;;;;
844;10;L6;B;9;1;;;;
845;10;L6;B;10;1;;;;
846;10;L6;B;11;1;;;;
847;10;L6;B;12;1;;;;
848;10;L6;B;14;1;;;;
849;10;L6;B;14;0;;;;
850;10;P;B;1;1;;;;
851;10;P;B;1;1;;;;
852;10;P;B;1;1;;;;
853;10;P;B;1;1;;;;
854;10;P;B;2;1;;;;
855;10;P;B;2;1;;;;
856;10;P;B;4;1;;;;
857;10;P;B;4;1;;;;
858;10;P;B;8;1;;;;
859;10;P;B;9;1;;;;
860;10;P;B;10;1;;;;
861;10;P;B;10;1;;;;
862;10;P;B;11;1;;;;
863;10;P;B;14;1;;;;
864;10;P;B;14;0;;;;
865;11;K;P;1;1;28;0;28;0
866;11;K;P;14;1;28;0;28;0
867;11;K;P;14;0;28;0;28;0
868;11;K;P;14;0;28;0;28;0
869;11;K;P;14;0;28;0;28;0
870;11;K;P;14;0;28;0;28;0
871;11;K;P;14;0;28;0;28;0
872;11;K;P;14;0;28;0;28;0
873;11;K;P;14;0;28;0;28;0
874;11;K;P;14;0;28;0;28;0
875;11;K;P;14;0;28;0;28;0
876;11;K;P;14;0;28;0;28;0
877;11;K;P;14;0;28;0;28;0
878;11;K;P;14;0;28;0;28;0
879;11;A;P;14;0;28;0;28;0
880;11;A;P;14;0;28;0;28;0
881;11;A;P;14;0;28;0;28;0
882;11;A;P;14;0;28;0;28;0
883;11;A;P;14;0;28;0;28;0
884;11;A;P;14;0;28;0;28;0
885;11;A;P;14;0;28;0;28;0
886;11;A;P;14;0;28;0;28;0
887;11;A;P;14;0;28;0;28;0
888;11;A;P;14;0;28;0;28;0
889;11;A;P;14;0;28;0;28;0
890;11;A;P;14;0;28;0;28;0
891;11;A;P;14;0;28;0;28;0
892;11;L2;P;5;1;28;0;28;0
893;11;L2;P;8;1;28;0;28;0
894;11;L2;P;14;0;28;0;28;0
895;11;L2;P;14;0;28;0;28;0
896;11;L2;P;14;0;28;0;28;0
897;11;L2;P;14;0;28;0;28;0
898;11;L2;P;14;0;28;0;28;0
899;11;L3;P;3;1;28;0;28;0
900;11;L3;P;5;1;28;0;28;0
901;11;L3;P;14;0;28;0;28;0
902;11;L3;P;14;0;28;0;28;0
903;11;L3;P;14;0;28;0;28;0
904;11;L3;P;14;0;28;0;28;0
905;11;L3;P;14;0;28;0;28;0
906;11;L3;P;14;0;28;0;28;0
907;11;L3;P;14;0;28;0;28;0
908;11;L3;P;14;0;28;0;28;0
909;11;L3;P;14;0;28;0;28;0
910;11;L3;P;14;0;28;0;28;0
911;11;L6;P;6;1;28;0;28;0
912;11;L6;P;8;1;28;0;28;0
913;11;L6;P;9;1;28;0;28;0
914;11;L6;P;14;0;28;0;28;0
915;11;L6;P;14;0;28;0;28;0
916;11;L6;P;14;0;28;0;28;0
917;11;L6;P;14;0;28;0;28;0
918;11;L6;P;14;0;28;0;28;0
919;11;L6;P;14;0;28;0;28;0
920;11;L6;P;14;0;28;0;28;0
921;11;L6;P;14;0;28;0;28;0
922;11;L6;P;14;0;8;1;13;1
923;11;L6;P;14;0;15;1;22;1
924;11;L6;P;14;0;17;1;26;1
925;11;P;P;4;1;28;0;28;0
926;11;P;P;14;0;28;0;28;0
927;11;P;P;14;0;28;0;28;0
928;11;P;P;14;0;28;0;28;0
929;11;P;P;14;0;28;0;28;0
930;11;P;P;14;0;28;0;28;0
931;11;P;P;14;0;28;0;28;0
932;11;P;P;14;0;28;0;28;0
933;11;P;P;14;0;28;0;28;0
934;11;P;P;14;0;17;1;26;1
935;11;P;P;14;0;22;1;28;1
936;12;K;B;1;1;;;;
937;12;K;B;1;1;;;;
938;12;K;B;1;1;;;;
939;12;K;B;1;1;;;;
940;12;K;B;2;1;;;;
941;12;K;B;2;1;;;;
942;12;K;B;3;1;;;;
943;12;K;B;10;1;;;;
944;12;K;B;10;1;;;;
945;12;K;B;12;1;;;;
946;12;K;B;14;0;;;;
947;12;K;B;14;0;;;;
948;12;K;B;14;0;;;;
949;12;K;B;14;0;;;;
950;12;A;B;1;1;;;;
951;12;A;B;1;1;;;;
952;12;A;B;1;1;;;;
953;12;A;B;1;1;;;;
954;12;A;B;3;1;;;;
955;12;A;B;4;1;;;;
956;12;A;B;6;1;;;;
957;12;A;B;10;1;;;;
958;12;A;B;10;1;;;;
959;12;A;B;10;1;;;;
960;12;A;B;11;1;;;;
961;12;A;B;12;1;;;;
962;12;A;B;13;1;;;;
963;12;A;B;14;0;;;;
964;12;L2;B;1;1;;;;
965;12;L2;B;1;1;;;;
966;12;L2;B;1;1;;;;
967;12;L2;B;2;1;;;;
968;12;L2;B;2;1;;;;
969;12;L2;B;4;1;;;;
970;12;L2;B;6;1;;;;
971;12;L2;B;8;1;;;;
972;12;L2;B;10;1;;;;
973;12;L2;B;11;1;;;;
974;12;L2;B;12;1;;;;
975;12;L2;B;12;1;;;;
976;12;L2;B;13;1;;;;
977;12;L2;B;14;0;;;;
978;12;L2;B;14;0;;;;
979;12;L2;B;14;0;;;;
980;12;L3;B;1;1;;;;
981;12;L3;B;1;1;;;;
982;12;L3;B;1;1;;;;
983;12;L3;B;1;1;;;;
984;12;L3;B;1;1;;;;
985;12;L3;B;2;1;;;;
986;12;L3;B;4;1;;;;
987;12;L3;B;6;1;;;;
988;12;L3;B;8;1;;;;
989;12;L3;B;9;1;;;;
990;12;L3;B;11;1;;;;
991;12;L3;B;12;1;;;;
992;12;L3;B;12;1;;;;
993;12;L6;B;1;1;;;;
994;12;L6;B;1;1;;;;
995;12;L6;B;1;1;;;;
996;12;L6;B;4;1;;;;
997;12;L6;B;9;1;;;;
998;12;L6;B;10;1;;;;
999;12;L6;B;10;1;;;;
1000;12;L6;B;11;1;;;;
1001;12;L6;B;12;1;;;;
1002;12;L6;B;13;1;;;;
1003;12;L6;B;14;0;;;;
1004;12;L6;B;14;0;;;;
1005;12;L6;B;14;0;;;;
1006;12;L6;B;14;0;;;;
1007;12;L6;B;14;0;;;;
1008;12;P;B;1;1;;;;
1009;12;P;B;1;1;;;;
1010;12;P;B;1;1;;;;
1011;12;P;B;1;1;;;;
1012;12;P;B;1;1;;;;
1013;12;P;B;1;1;;;;
1014;12;P;B;1;1;;;;
1015;12;P;B;5;1;;;;
1016;12;P;B;6;1;;;;
1017;12;P;B;10;1;;;;
1018;12;P;B;10;1;;;;
1019;12;P;B;11;1;;;;
1020;12;P;B;11;1;;;;
1021;12;P;B;12;1;;;;
1022;12;P;B;12;1;;;;
1023;12;P;B;13;1;;;;
1024;13;K;P;6;1;28;0;28;0
1025;13;K;P;12;1;28;0;28;0
1026;13;K;P;14;0;28;0;28;0
1027;13;K;P;14;0;28;0;28;0
1028;13;K;P;14;0;28;0;28;0
1029;13;K;P;14;0;28;0;28;0
1030;13;K;P;14;0;28;0;28;0
1031;13;K;P;14;0;28;0;28;0
1032;13;K;P;14;0;28;0;28;0
1033;13;K;P;14;0;28;0;28;0
1034;13;K;P;14;0;28;0;28;0
1035;13;K;P;14;0;28;0;28;0
1036;13;K;P;14;0;28;0;28;0
1037;13;K;P;14;0;28;0;28;0
1038;13;K;P;14;0;28;0;28;0
1039;13;A;P;2;1;28;0;28;0
1040;13;A;P;3;1;28;0;28;0
1041;13;A;P;3;1;28;0;28;0
1042;13;A;P;3;1;28;0;28;0
1043;13;A;P;10;1;28;0;28;0
1044;13;A;P;14;0;28;0;28;0
1045;13;A;P;14;0;28;0;28;0
1046;13;A;P;14;0;28;0;28;0
1047;13;A;P;14;0;28;0;28;0
1048;13;A;P;14;0;28;0;28;0
1049;13;A;P;14;0;28;0;28;0
1050;13;A;P;14;0;28;0;28;0
1051;13;A;P;14;0;28;0;28;0
1052;13;A;P;14;0;28;0;28;0
1053;13;A;P;14;0;28;0;28;0
1054;13;A;P;14;0;28;0;28;0
1055;13;L2;P;1;1;28;0;28;0
1056;13;L2;P;3;1;28;0;28;0
1057;13;L2;P;13;1;28;0;28;0
1058;13;L2;P;14;1;28;0;28;0
1059;13;L2;P;14;0;28;0;28;0
1060;13;L2;P;14;0;28;0;28;0
1061;13;L2;P;14;0;28;0;28;0
1062;13;L2;P;14;0;28;0;28;0
1063;13;L2;P;14;0;28;0;28;0
1064;13;L2;P;14;0;28;0;28;0
1065;13;L2;P;14;0;28;0;28;0
1066;13;L2;P;14;0;28;0;28;0
1067;13;L2;P;14;0;28;0;28;0
1068;13;L3;P;9;1;28;0;28;0
1069;13;L3;P;10;1;28;0;28;0
1070;13;L3;P;11;1;28;0;28;0
1071;13;L3;P;14;0;28;0;28;0
1072;13;L3;P;14;0;28;0;28;0
1073;13;L3;P;14;0;28;0;28;0
1074;13;L3;P;14;0;28;0;28;0
1075;13;L3;P;14;0;28;0;28;0
1076;13;L3;P;14;0;28;0;28;0
1077;13;L3;P;14;0;28;0;28;0
1078;13;L3;P;14;0;28;0;28;0
1079;13;L3;P;14;0;28;0;28;0
1080;13;L3;P;14;0;28;0;28;0
1081;13;L6;P;1;1;28;0;28;0
1082;13;L6;P;6;1;28;0;28;0
1083;13;L6;P;11;1;28;0;28;0
1084;13;L6;P;13;1;28;0;28;0
1085;13;L6;P;14;0;28;0;28;0
1086;13;L6;P;14;0;28;0;28;0
1087;13;L6;P;14;0;28;0;28;0
1088;13;L6;P;14;0;28;0;28;0
1089;13;L6;P;14;0;28;0;28;0
1090;13;L6;P;14;0;28;0;28;0
1091;13;L6;P;14;0;28;0;28;0
1092;13;L6;P;14;0;28;0;28;0
1093;13;L6;P;14;0;28;0;28;0
1094;13;L6;P;14;0;28;0;28;0
1095;13;P;P;1;1;28;0;28;0
1096;13;P;P;1;1;28;0;28;0
1097;13;P;P;5;1;28;0;28;0
1098;13;P;P;10;1;28;0;28;0
1099;13;P;P;14;0;28;0;28;0
1100;13;P;P;14;0;28;0;28;0
1101;13;P;P;14;0;28;0;28;0
1102;13;P;P;14;0;28;0;28;0
1103;13;P;P;14;0;28;0;28;0
1104;13;P;P;14;0;28;0;28;0
1105;13;P;P;14;0;28;0;28;0
1106;13;P;P;14;0;28;0;28;0
1107;13;P;P;14;0;28;0;28;0
1108;13;P;P;14;0;28;0;28;0
1109;13;P;P;14;0;28;0;28;0
1110;13;P;P;14;0;28;0;28;0
1111;14;K;B;1;1;;;;
1112;14;K;B;1;1;;;;
1113;14;K;B;1;1;;;;
1114;14;K;B;1;1;;;;
1115;14;K;B;1;1;;;;
1116;14;K;B;2;1;;;;
1117;14;K;B;3;1;;;;
1118;14;K;B;4;1;;;;
1119;14;K;B;8;1;;;;
1120;14;K;B;9;1;;;;
1121;14;K;B;10;1;;;;
1122;14;K;B;11;1;;;;
1123;14;K;B;11;1;;;;
1124;14;K;B;13;1;;;;
1125;14;K;B;13;1;;;;
1126;14;A;B;1;1;;;;
1127;14;A;B;1;1;;;;
1128;14;A;B;1;1;;;;
1129;14;A;B;1;1;;;;
1130;14;A;B;1;1;;;;
1131;14;A;B;1;1;;;;
1132;14;A;B;2;1;;;;
1133;14;A;B;4;1;;;;
1134;14;A;B;6;1;;;;
1135;14;A;B;8;1;;;;
1136;14;A;B;9;1;;;;
1137;14;A;B;10;1;;;;
1138;14;A;B;11;1;;;;
1139;14;A;B;13;1;;;;
1140;14;A;B;13;1;;;;
1141;14;A;B;13;1;;;;
1142;14;L2;B;1;1;;;;
1143;14;L2;B;1;1;;;;
1144;14;L2;B;1;1;;;;
1145;14;L2;B;2;1;;;;
1146;14;L2;B;7;1;;;;
1147;14;L2;B;9;1;;;;
1148;14;L2;B;9;1;;;;
1149;14;L2;B;10;1;;;;
1150;14;L2;B;12;1;;;;
1151;14;L2;B;13;1;;;;
1152;14;L2;B;13;1;;;;
1153;14;L2;B;14;1;;;;
1154;14;L2;B;14;0;;;;
1155;14;L2;B;14;0;;;;
1156;14;L2;B;14;0;;;;
1157;14;L2;B;14;0;;;;
1158;14;L3;B;1;1;;;;
1159;14;L3;B;1;1;;;;
1160;14;L3;B;1;1;;;;
1161;14;L3;B;1;1;;;;
1162;14;L3;B;1;1;;;;
1163;14;L3;B;2;1;;;;
1164;14;L3;B;3;1;;;;
1165;14;L3;B;4;1;;;;
1166;14;L3;B;5;1;;;;
1167;14;L3;B;10;1;;;;
1168;14;L3;B;12;1;;;;
1169;14;L3;B;12;1;;;;
1170;14;L3;B;13;1;;;;
1171;14;L3;B;14;0;;;;
1172;14;L6;B;1;1;;;;
1173;14;L6;B;2;1;;;;
1174;14;L6;B;2;1;;;;
1175;14;L6;B;6;1;;;;
1176;14;L6;B;6;1;;;;
1177;14;L6;B;6;1;;;;
1178;14;L6;B;11;1;;;;
1179;14;L6;B;11;1;;;;
1180;14;L6;B;11;1;;;;
1181;14;L6;B;12;1;;;;
1182;14;L6;B;12;1;;;;
1183;14;L6;B;13;1;;;;
1184;14;L6;B;13;1;;;;
1185;14;L6;B;14;0;;;;
1186;14;L6;B;14;0;;;;
1187;14;P;B;1;1;;;;
1188;14;P;B;1;1;;;;
1189;14;P;B;1;1;;;;
1190;14;P;B;8;1;;;;
1191;14;P;B;8;1;;;;
1192;14;P;B;10;1;;;;
1193;14;P;B;11;1;;;;
1194;14;P;B;12;1;;;;
1195;14;P;B;13;1;;;;
1196;14;P;B;14;0;;;;
1197;14;P;B;14;0;;;;
1198;14;P;B;14;0;;;;
1199;14;P;B;14;0;;;;
1200;14;P;B;14;0;;;;
1201;15;K;P;14;0;28;0;28;0
1202;15;K;P;14;0;28;0;28;0
1203;15;K;P;14;0;28;0;28;0
1204;15;K;P;14;0;28;0;28;0
1205;15;K;P;14;0;28;0;28;0
1206;15;K;P;14;0;28;0;28;0
1207;15;K;P;14;0;28;0;28;0
1208;15;K;P;14;0;28;0;28;0
1209;15;K;P;14;0;28;0;28;0
1210;15;K;P;14;0;28;0;28;0
1211;15;K;P;14;0;28;0;28;0
1212;15;K;P;14;0;28;0;28;0
1213;15;K;P;14;0;28;0;28;0
1214;15;K;P;14;0;28;0;28;0
1215;15;K;P;14;0;28;0;28;0
1216;15;K;P;14;0;28;0;28;0
1217;15;A;P;3;1;28;0;28;0
1218;15;A;P;4;1;28;0;28;0
1219;15;A;P;14;0;28;0;28;0
1220;15;A;P;14;0;28;0;28;0
1221;15;A;P;14;0;28;0;28;0
1222;15;A;P;14;0;28;0;28;0
1223;15;A;P;14;0;28;0;28;0
1224;15;A;P;14;0;28;0;28;0
1225;15;A;P;14;0;28;0;28;0
1226;15;A;P;14;0;28;0;28;0
1227;15;A;P;14;0;28;0;28;0
1228;15;A;P;14;0;28;0;28;0
1229;15;A;P;14;0;28;0;28;0
1230;15;A;P;14;0;28;0;28;0
1231;15;A;P;14;0;28;0;28;0
1232;15;A;P;14;0;16;1;22;1
1233;15;L2;P;1;1;28;0;28;0
1234;15;L2;P;14;0;28;0;28;0
1235;15;L2;P;14;0;28;0;28;0
1236;15;L2;P;14;0;28;0;28;0
1237;15;L2;P;14;0;28;0;28;0
1238;15;L2;P;14;0;28;0;28;0
1239;15;L2;P;14;0;28;0;28;0
1240;15;L2;P;14;0;28;0;28;0
1241;15;L2;P;14;0;28;0;28;0
1242;15;L2;P;14;0;28;0;28;0
1243;15;L2;P;14;0;28;0;28;0
1244;15;L2;P;14;0;28;0;28;0
1245;15;L2;P;14;0;16;1;22;1
1246;15;L2;P;14;0;16;1;22;1
1247;15;L2;P;14;0;17;1;24;1
1248;15;L3;P;4;1;28;0;28;0
1249;15;L3;P;6;1;28;0;28;0
1250;15;L3;P;14;0;28;0;28;0
1251;15;L3;P;14;0;28;0;28;0
1252;15;L3;P;14;0;28;0;28;0
1253;15;L3;P;14;0;28;0;28;0
1254;15;L3;P;14;0;28;0;28;0
1255;15;L3;P;14;0;28;0;28;0
1256;15;L3;P;14;0;28;0;28;0
1257;15;L3;P;14;0;28;0;28;0
1258;15;L3;P;14;0;28;0;28;0
1259;15;L3;P;14;0;28;0;28;0
1260;15;L3;P;14;0;28;0;28;0
1261;15;L3;P;14;0;15;1;19;1
1262;15;L3;P;14;0;22;1;28;1
1263;15;L3;P;14;0;22;1;28;1
1264;15;L6;P;5;1;28;0;28;0
1265;15;L6;P;14;0;28;0;28;0
1266;15;L6;P;14;0;28;0;28;0
1267;15;L6;P;14;0;28;0;28;0
1268;15;L6;P;14;0;28;0;28;0
1269;15;L6;P;14;0;28;0;28;0
1270;15;L6;P;14;0;28;0;28;0
1271;15;L6;P;14;0;28;0;28;0
1272;15;L6;P;14;0;28;0;28;0
1273;15;L6;P;14;0;28;0;28;0
1274;15;L6;P;14;0;28;0;28;0
1275;15;L6;P;14;0;28;0;28;0
1276;15;L6;P;14;0;28;0;28;0
1277;15;L6;P;14;0;28;0;28;0
1278;15;L6;P;14;0;15;0;21;0
1279;15;L6;P;14;0;15;0;21;0
1280;15;P;P;1;1;28;0;28;0
1281;15;P;P;3;1;28;0;28;0
1282;15;P;P;10;1;28;0;28;0
1283;15;P;P;14;0;28;0;28;0
1284;15;P;P;14;0;28;0;28;0
1285;15;P;P;14;0;28;0;28;0
1286;15;P;P;14;0;28;0;28;0
1287;15;P;P;14;0;28;0;28;0
1288;15;P;P;14;0;28;0;28;0
1289;15;P;P;14;0;28;0;28;0
1290;15;P;P;14;0;28;0;28;0
1291;15;P;P;14;0;28;0;28;0
1292;15;P;P;14;0;28;0;28;0
1293;15;P;P;14;0;28;0;28;0
1294;15;P;P;14;0;28;0;28;0
1295;15;P;P;14;0;28;0;28;0
1296;16;K;B;1;1;;;;
1297;16;K;B;1;1;;;;
1298;16;K;B;1;1;;;;
1299;16;K;B;1;1;;;;
1300;16;K;B;1;1;;;;
1301;16;K;B;2;1;;;;
1302;16;K;B;2;1;;;;
1303;16;K;B;3;1;;;;
1304;16;K;B;4;1;;;;
1305;16;K;B;4;1;;;;
1306;16;K;B;10;1;;;;
1307;16;K;B;12;1;;;;
1308;16;K;B;14;1;;;;
1309;16;K;B;14;1;;;;
1310;16;K;B;14;0;;;;
1311;16;K;B;14;0;;;;
1312;16;A;B;1;1;;;;
1313;16;A;B;1;1;;;;
1314;16;A;B;1;1;;;;
1315;16;A;B;1;1;;;;
1316;16;A;B;1;1;;;;
1317;16;A;B;1;1;;;;
1318;16;A;B;2;1;;;;
1319;16;A;B;5;1;;;;
1320;16;A;B;8;1;;;;
1321;16;A;B;9;1;;;;
1322;16;A;B;9;1;;;;
1323;16;A;B;11;1;;;;
1324;16;A;B;11;1;;;;
1325;16;A;B;14;0;;;;
1326;16;A;B;14;0;;;;
1327;16;A;B;14;0;;;;
1328;16;L2;B;1;1;;;;
1329;16;L2;B;1;1;;;;
1330;16;L2;B;1;1;;;;
1331;16;L2;B;1;1;;;;
1332;16;L2;B;2;1;;;;
1333;16;L2;B;2;1;;;;
1334;16;L2;B;3;1;;;;
1335;16;L2;B;5;1;;;;
1336;16;L2;B;8;1;;;;
1337;16;L2;B;10;1;;;;
1338;16;L2;B;11;1;;;;
1339;16;L2;B;12;1;;;;
1340;16;L2;B;14;0;;;;
1341;16;L2;B;14;0;;;;
1342;16;L3;B;1;1;;;;
1343;16;L3;B;1;1;;;;
1344;16;L3;B;1;1;;;;
1345;16;L3;B;2;1;;;;
1346;16;L3;B;3;1;;;;
1347;16;L3;B;3;1;;;;
1348;16;L3;B;3;1;;;;
1349;16;L3;B;10;1;;;;
1350;16;L3;B;10;1;;;;
1351;16;L3;B;10;1;;;;
1352;16;L3;B;11;1;;;;
1353;16;L3;B;14;0;;;;
1354;16;L3;B;14;0;;;;
1355;16;L3;B;14;0;;;;
1356;16;L3;B;14;0;;;;
1357;16;L3;B;14;0;;;;
1358;16;L6;B;1;1;;;;
1359;16;L6;B;1;1;;;;
1360;16;L6;B;1;1;;;;
1361;16;L6;B;1;1;;;;
1362;16;L6;B;1;1;;;;
1363;16;L6;B;1;1;;;;
1364;16;L6;B;2;1;;;;
1365;16;L6;B;2;1;;;;
1366;16;L6;B;7;1;;;;
1367;16;L6;B;10;1;;;;
1368;16;L6;B;10;1;;;;
1369;16;L6;B;12;1;;;;
1370;16;L6;B;14;1;;;;
1371;16;L6;B;14;0;;;;
1372;16;L6;B;14;0;;;;
1373;16;L6;B;14;0;;;;
1374;16;P;B;1;1;;;;
1375;16;P;B;1;1;;;;
1376;16;P;B;1;1;;;;
1377;16;P;B;1;1;;;;
1378;16;P;B;1;1;;;;
1379;16;P;B;1;1;;;;
1380;16;P;B;1;1;;;;
1381;16;P;B;1;1;;;;
1382;16;P;B;1;1;;;;
1383;16;P;B;1;1;;;;
1384;16;P;B;1;1;;;;
1385;16;P;B;4;1;;;;
1386;16;P;B;4;1;;;;
1387;16;P;B;4;1;;;;
1388;16;P;B;6;1;;;;
1389;17;K;P;14;0;28;0;28;0
1390;17;K;P;14;0;28;0;28;0
1391;17;K;P;14;0;28;0;28;0
1392;17;K;P;14;0;28;0;28;0
1393;17;K;P;14;0;28;0;28;0
1394;17;K;P;14;0;28;0;28;0
1395;17;K;P;14;0;28;0;28;0
1396;17;K;P;14;0;28;0;28;0
1397;17;K;P;14;0;28;0;28;0
1398;17;K;P;14;0;28;0;28;0
1399;17;K;P;14;0;28;0;28;0
1400;17;K;P;14;0;28;0;28;0
1401;17;K;P;14;0;28;0;28;0
1402;17;K;P;14;0;28;0;28;0
1403;17;K;P;14;0;28;0;28;0
1404;17;K;P;14;0;28;0;28;0
1405;17;A;P;1;1;28;0;28;0
1406;17;A;P;14;0;28;0;28;0
1407;17;A;P;14;0;28;0;28;0
1408;17;A;P;14;0;28;0;28;0
1409;17;A;P;14;0;28;0;28;0
1410;17;A;P;14;0;28;0;28;0
1411;17;A;P;14;0;28;0;28;0
1412;17;A;P;14;0;28;0;28;0
1413;17;A;P;14;0;28;0;28;0
1414;17;A;P;14;0;28;0;28;0
1415;17;A;P;14;0;28;0;28;0
1416;17;A;P;14;0;28;0;28;0
1417;17;A;P;14;0;28;0;28;0
1418;17;A;P;14;0;28;0;28;0
1419;17;A;P;14;0;28;0;28;0
1420;17;L2;P;12;1;28;0;28;0
1421;17;L2;P;14;0;28;0;28;0
1422;17;L2;P;14;0;28;0;28;0
1423;17;L2;P;14;0;28;0;28;0
1424;17;L2;P;14;0;28;0;28;0
1425;17;L2;P;14;0;28;0;28;0
1426;17;L2;P;14;0;28;0;28;0
1427;17;L2;P;14;0;28;0;28;0
1428;17;L2;P;14;0;28;0;28;0
1429;17;L2;P;14;0;28;0;28;0
1430;17;L2;P;14;0;28;0;28;0
1431;17;L2;P;14;0;28;0;28;0
1432;17;L2;P;14;0;28;0;28;0
1433;17;L2;P;14;0;28;0;28;0
1434;17;L2;P;14;0;28;0;28;0
1435;17;L2;P;14;0;28;0;28;0
1436;17;L3;P;1;1;28;0;28;0
1437;17;L3;P;14;0;28;0;28;0
1438;17;L3;P;14;0;28;0;28;0
1439;17;L3;P;14;0;28;0;28;0
1440;17;L3;P;14;0;28;0;28;0
1441;17;L3;P;14;0;28;0;28;0
1442;17;L3;P;14;0;28;0;28;0
1443;17;L3;P;14;0;28;0;28;0
1444;17;L3;P;14;0;28;0;28;0
1445;17;L3;P;14;0;28;0;28;0
1446;17;L3;P;14;0;28;0;28;0
1447;17;L3;P;14;0;28;0;28;0
1448;17;L3;P;14;0;28;0;28;0
1449;17;L3;P;14;0;28;0;28;0
1450;17;L3;P;14;0;28;0;28;0
1451;17;L3;P;14;0;28;0;28;0
1452;17;L6;P;4;1;28;0;28;0
1453;17;L6;P;4;1;28;0;28;0
1454;17;L6;P;8;1;28;0;28;0
1455;17;L6;P;14;0;28;0;28;0
1456;17;L6;P;14;0;28;0;28;0
1457;17;L6;P;14;0;28;0;28;0
1458;17;L6;P;14;0;28;0;28;0
1459;17;L6;P;14;0;28;0;28;0
1460;17;L6;P;14;0;28;0;28;0
1461;17;L6;P;14;0;28;0;28;0
1462;17;L6;P;14;0;28;0;28;0
1463;17;L6;P;14;0;28;0;28;0
1464;17;L6;P;14;0;28;0;28;0
1465;17;L6;P;14;0;28;0;28;0
1466;17;P;P;1;1;28;0;28;0
1467;17;P;P;3;1;28;0;28;0
1468;17;P;P;8;1;28;0;28;0
1469;17;P;P;14;0;28;0;28;0
1470;17;P;P;14;0;28;0;28;0
1471;17;P;P;14;0;28;0;28;0
1472;17;P;P;14;0;28;0;28;0
1473;17;P;P;14;0;28;0;28;0
1474;17;P;P;14;0;28;0;28;0
1475;17;P;P;14;0;28;0;28;0
1476;17;P;P;14;0;28;0;28;0
1477;17;P;P;14;0;28;0;28;0
1478;17;P;P;14;0;28;0;28;0
1479;17;P;P;14;0;28;0;28;0
1480;17;P;P;14;0;28;0;28;0
1481;17;P;P;14;0;28;0;28;0
1482;18;K;P;3;1;28;0;28;0
1483;18;K;P;14;0;28;0;28;0
1484;18;K;P;14;0;28;0;28;0
1485;18;K;P;14;0;28;0;28;0
1486;18;K;P;14;0;28;0;28;0
1487;18;K;P;14;0;28;0;28;0
1488;18;K;P;14;0;28;0;28;0
1489;18;K;P;14;0;28;0;28;0
1490;18;K;P;14;0;28;0;28;0
1491;18;K;P;14;0;28;0;28;0
1492;18;K;P;14;0;28;0;28;0
1493;18;K;P;14;0;28;0;28;0
1494;18;K;P;14;0;6;1;14;1
1495;18;K;P;14;0;15;1;21;1
1496;18;K;P;14;0;17;1;28;0
1497;18;K;P;14;0;18;1;26;1
1498;18;A;P;1;1;28;0;28;0
1499;18;A;P;2;1;28;0;28;0
1500;18;A;P;4;1;28;0;28;0
1501;18;A;P;5;1;28;0;28;0
1502;18;A;P;14;0;28;0;28;0
1503;18;A;P;14;0;28;0;28;0
1504;18;A;P;14;0;28;0;28;0
1505;18;A;P;14;0;28;0;28;0
1506;18;A;P;14;0;28;0;28;0
1507;18;A;P;14;0;28;0;28;0
1508;18;A;P;14;0;28;0;28;0
1509;18;A;P;14;0;8;1;15;1
1510;18;A;P;14;0;12;1;19;1
1511;18;A;P;14;0;15;1;19;1
1512;18;A;P;14;0;16;1;22;1
1513;18;A;P;14;0;16;1;24;1
1514;18;L2;P;1;1;28;0;28;0
1515;18;L2;P;1;1;28;0;28;0
1516;18;L2;P;14;0;28;0;28;0
1517;18;L2;P;14;0;28;0;28;0
1518;18;L2;P;14;0;28;0;28;0
1519;18;L2;P;14;0;28;0;28;0
1520;18;L2;P;14;0;28;0;28;0
1521;18;L2;P;14;0;28;0;28;0
1522;18;L2;P;14;0;28;0;28;0
1523;18;L2;P;14;0;28;0;28;0
1524;18;L2;P;14;0;8;1;14;1
1525;18;L2;P;14;0;13;1;19;1
1526;18;L2;P;14;0;14;1;20;1
1527;18;L2;P;14;0;15;1;20;1
1528;18;L2;P;14;0;15;1;20;1
1529;18;L2;P;14;0;20;1;24;1
1530;18;L3;P;7;1;28;0;28;0
1531;18;L3;P;14;0;28;0;28;0
1532;18;L3;P;14;0;28;0;28;0
1533;18;L3;P;14;0;28;0;28;0
1534;18;L3;P;14;0;28;0;28;0
1535;18;L3;P;14;0;28;0;28;0
1536;18;L3;P;14;0;28;0;28;0
1537;18;L3;P;14;0;28;0;28;0
1538;18;L3;P;14;0;28;0;28;0
1539;18;L3;P;14;0;28;0;28;0
1540;18;L3;P;14;0;28;0;28;0
1541;18;L3;P;14;0;28;0;28;0
1542;18;L3;P;14;0;28;0;28;0
1543;18;L3;P;14;0;9;1;15;1
1544;18;L3;P;14;0;12;1;19;1
1545;18;L3;P;14;0;14;1;20;1
1546;18;L6;P;14;0;28;0;28;0
1547;18;L6;P;14;0;28;0;28;0
1548;18;L6;P;14;0;28;0;28;0
1549;18;L6;P;14;0;28;0;28;0
1550;18;L6;P;14;0;28;0;28;0
1551;18;L6;P;14;0;28;0;28;0
1552;18;L6;P;14;0;28;0;28;0
1553;18;L6;P;14;0;28;0;28;0
1554;18;L6;P;14;0;28;0;28;0
1555;18;L6;P;14;0;28;0;28;0
1556;18;L6;P;14;0;28;0;28;0
1557;18;L6;P;14;0;28;0;28;0
1558;18;L6;P;14;0;28;0;28;0
1559;18;L6;P;14;0;9;1;15;1
1560;18;L6;P;14;0;15;1;20;1
1561;18;P;P;10;1;28;0;28;0
1562;18;P;P;14;0;28;0;28;0
1563;18;P;P;14;0;28;0;28;0
1564;18;P;P;14;0;28;0;28;0
1565;18;P;P;14;0;28;0;28;0
1566;18;P;P;14;0;28;0;28;0
1567;18;P;P;14;0;28;0;28;0
1568;18;P;P;14;0;28;0;28;0
1569;18;P;P;14;0;28;0;28;0
1570;18;P;P;14;0;28;0;28;0
1571;18;P;P;14;0;28;0;28;0
1572;18;P;P;14;0;28;0;28;0
1573;18;P;P;14;0;28;0;28;0
1574;18;P;P;14;0;28;0;28;0
1575;18;P;P;14;0;8;1;15;1
1576;19;K;B;1;1;;;;
1577;19;K;B;1;1;;;;
1578;19;K;B;1;1;;;;
1579;19;K;B;1;1;;;;
1580;19;K;B;1;1;;;;
1581;19;K;B;2;1;;;;
1582;19;K;B;2;1;;;;
1583;19;K;B;2;1;;;;
1584;19;K;B;6;1;;;;
1585;19;K;B;7;1;;;;
1586;19;K;B;8;1;;;;
1587;19;K;B;9;1;;;;
1588;19;K;B;11;1;;;;
1589;19;K;B;11;1;;;;
1590;19;K;B;12;1;;;;
1591;19;A;B;1;1;;;;
1592;19;A;B;1;1;;;;
1593;19;A;B;1;1;;;;
1594;19;A;B;2;1;;;;
1595;19;A;B;2;1;;;;
1596;19;A;B;5;1;;;;
1597;19;A;B;11;1;;;;
1598;19;A;B;11;1;;;;
1599;19;A;B;11;1;;;;
1600;19;A;B;11;1;;;;
1601;19;A;B;11;1;;;;
1602;19;A;B;12;1;;;;
1603;19;A;B;12;1;;;;
1604;19;A;B;14;0;;;;
1605;19;A;B;14;0;;;;
1606;19;A;B;14;0;;;;
1607;19;L2;B;1;1;;;;
1608;19;L2;B;1;1;;;;
1609;19;L2;B;1;1;;;;
1610;19;L2;B;1;1;;;;
1611;19;L2;B;1;1;;;;
1612;19;L2;B;1;1;;;;
1613;19;L2;B;2;1;;;;
1614;19;L2;B;3;1;;;;
1615;19;L2;B;3;1;;;;
1616;19;L2;B;4;1;;;;
1617;19;L2;B;7;1;;;;
1618;19;L2;B;8;1;;;;
1619;19;L2;B;9;1;;;;
1620;19;L2;B;10;1;;;;
1621;19;L2;B;14;0;;;;
1622;19;L2;B;14;0;;;;
1623;19;L3;B;1;;;;;
1624;19;L3;B;1;1;;;;
1625;19;L3;B;1;1;;;;
1626;19;L3;B;1;1;;;;
1627;19;L3;B;1;1;;;;
1628;19;L3;B;3;1;;;;
1629;19;L3;B;3;1;;;;
1630;19;L3;B;5;1;;;;
1631;19;L3;B;5;1;;;;
1632;19;L3;B;6;1;;;;
1633;19;L3;B;9;1;;;;
1634;19;L3;B;9;1;;;;
1635;19;L3;B;11;1;;;;
1636;19;L3;B;13;1;;;;
1637;19;L3;B;14;0;;;;
1638;19;L6;B;1;1;;;;
1639;19;L6;B;1;1;;;;
1640;19;L6;B;1;1;;;;
1641;19;L6;B;1;1;;;;
1642;19;L6;B;1;1;;;;
1643;19;L6;B;1;1;;;;
1644;19;L6;B;1;1;;;;
1645;19;L6;B;8;1;;;;
1646;19;L6;B;12;1;;;;
1647;19;L6;B;12;1;;;;
1648;19;L6;B;13;1;;;;
1649;19;L6;B;13;1;;;;
1650;19;L6;B;14;0;;;;
1651;19;L6;B;14;0;;;;
1652;19;L6;B;14;0;;;;
1653;19;L6;B;14;0;;;;
1654;19;P;B;1;1;;;;
1655;19;P;B;1;1;;;;
1656;19;P;B;1;1;;;;
1657;19;P;B;1;1;;;;
1658;19;P;B;1;1;;;;
1659;19;P;B;1;1;;;;
1660;19;P;B;2;1;;;;
1661;19;P;B;2;1;;;;
1662;19;P;B;4;1;;;;
1663;19;P;B;6;1;;;;
1664;19;P;B;10;1;;;;
1665;19;P;B;10;1;;;;
1666;19;P;B;11;1;;;;
1667;19;P;B;11;1;;;;
1668;19;P;B;12;1;;;;
1669;19;P;B;14;0;;;;
1670;20;K;B;1;1;;;;
1671;20;K;B;1;1;;;;
1672;20;K;B;1;1;;;;
1673;20;K;B;1;1;;;;
1674;20;K;B;1;1;;;;
1675;20;K;B;1;1;;;;
1676;20;K;B;1;1;;;;
1677;20;K;B;2;1;;;;
1678;20;K;B;2;1;;;;
1679;20;K;B;7;1;;;;
1680;20;K;B;8;1;;;;
1681;20;K;B;9;1;;;;
1682;20;K;B;10;1;;;;
1683;20;K;B;14;0;;;;
1684;20;K;B;14;0;;;;
1685;20;A;B;1;1;;;;
1686;20;A;B;1;1;;;;
1687;20;A;B;1;1;;;;
1688;20;A;B;1;1;;;;
1689;20;A;B;1;1;;;;
1690;20;A;B;2;1;;;;
1691;20;A;B;3;1;;;;
1692;20;A;B;6;1;;;;
1693;20;A;B;6;1;;;;
1694;20;A;B;8;1;;;;
1695;20;A;B;8;1;;;;
1696;20;A;B;8;1;;;;
1697;20;A;B;10;1;;;;
1698;20;A;B;12;1;;;;
1699;20;A;B;13;1;;;;
1700;20;A;B;14;1;;;;
1701;20;L2;B;1;1;;;;
1702;20;L2;B;1;1;;;;
1703;20;L2;B;1;1;;;;
1704;20;L2;B;1;1;;;;
1705;20;L2;B;1;1;;;;
1706;20;L2;B;1;1;;;;
1707;20;L2;B;2;1;;;;
1708;20;L2;B;2;1;;;;
1709;20;L2;B;3;1;;;;
1710;20;L2;B;5;1;;;;
1711;20;L2;B;6;1;;;;
1712;20;L2;B;6;1;;;;
1713;20;L2;B;8;1;;;;
1714;20;L2;B;11;1;;;;
1715;20;L2;B;13;1;;;;
1716;20;L2;B;14;0;;;;
1717;20;L3;B;1;1;;;;
1718;20;L3;B;1;1;;;;
1719;20;L3;B;1;1;;;;
1720;20;L3;B;1;1;;;;
1721;20;L3;B;2;1;;;;
1722;20;L3;B;7;1;;;;
1723;20;L3;B;7;1;;;;
1724;20;L3;B;8;1;;;;
1725;20;L3;B;10;1;;;;
1726;20;L3;B;10;1;;;;
1727;20;L3;B;14;0;;;;
1728;20;L3;B;14;0;;;;
1729;20;L3;B;14;0;;;;
1730;20;L3;B;14;0;;;;
1731;20;L6;B;1;1;;;;
1732;20;L6;B;1;1;;;;
1733;20;L6;B;1;1;;;;
1734;20;L6;B;4;1;;;;
1735;20;L6;B;5;1;;;;
1736;20;L6;B;10;1;;;;
1737;20;L6;B;10;1;;;;
1738;20;L6;B;11;1;;;;
1739;20;L6;B;13;1;;;;
1740;20;L6;B;13;1;;;;
1741;20;L6;B;14;1;;;;
1742;20;L6;B;14;0;;;;
1743;20;L6;B;14;0;;;;
1744;20;L6;B;14;0;;;;
1745;20;P;B;1;1;;;;
1746;20;P;B;1;1;;;;
1747;20;P;B;1;1;;;;
1748;20;P;B;1;1;;;;
1749;20;P;B;2;1;;;;
1750;20;P;B;2;1;;;;
1751;20;P;B;2;1;;;;
1752;20;P;B;4;1;;;;
1753;20;P;B;8;1;;;;
1754;20;P;B;10;1;;;;
1755;20;P;B;14;1;;;;
1756;20;P;B;14;0;;;;
1757;20;P;B;14;0;;;;
1758;21;K;B;1;1;;;;
1759;21;K;B;1;1;;;;
1760;21;K;B;1;1;;;;
1761;21;K;B;1;1;;;;
1762;21;K;B;2;1;;;;
1763;21;K;B;3;1;;;;
1764;21;K;B;1;1;;;;
1765;21;K;B;5;1;;;;
1766;21;K;B;5;1;;;;
1767;21;K;B;6;1;;;;
1768;21;K;B;11;1;;;;
1769;21;K;B;12;1;;;;
1770;21;K;B;13;1;;;;
1771;21;K;B;13;1;;;;
1772;21;A;B;1;1;;;;
1773;21;A;B;1;1;;;;
1774;21;A;B;1;1;;;;
1775;21;A;B;1;1;;;;
1776;21;A;B;1;1;;;;
1777;21;A;B;1;1;;;;
1778;21;A;B;1;1;;;;
1779;21;A;B;1;1;;;;
1780;21;A;B;2;1;;;;
1781;21;A;B;2;1;;;;
1782;21;A;B;4;1;;;;
1783;21;A;B;6;1;;;;
1784;21;A;B;6;1;;;;
1785;21;A;B;9;1;;;;
1786;21;A;B;11;1;;;;
1787;21;L2;B;1;1;;;;
1788;21;L2;B;1;1;;;;
1789;21;L2;B;1;1;;;;
1790;21;L2;B;1;1;;;;
1791;21;L2;B;1;1;;;;
1792;21;L2;B;5;1;;;;
1793;21;L2;B;5;1;;;;
1794;21;L2;B;6;1;;;;
1795;21;L2;B;6;1;;;;
1796;21;L2;B;6;1;;;;
1797;21;L2;B;9;1;;;;
1798;21;L2;B;12;1;;;;
1799;21;L2;B;12;1;;;;
1800;21;L2;B;12;1;;;;
1801;21;L2;B;14;0;;;;
1802;21;L2;B;14;0;;;;
1803;21;L3;B;1;1;;;;
1804;21;L3;B;1;1;;;;
1805;21;L3;B;1;1;;;;
1806;21;L3;B;1;1;;;;
1807;21;L3;B;1;1;;;;
1808;21;L3;B;1;1;;;;
1809;21;L3;B;1;1;;;;
1810;21;L3;B;1;1;;;;
1811;21;L3;B;5;1;;;;
1812;21;L3;B;10;1;;;;
1813;21;L3;B;11;1;;;;
1814;21;L3;B;14;0;;;;
1815;21;L3;B;14;0;;;;
1816;21;L3;B;14;0;;;;
1817;21;L3;B;14;0;;;;
1818;21;L6;B;1;1;;;;
1819;21;L6;B;1;1;;;;
1820;21;L6;B;1;1;;;;
1821;21;L6;B;2;1;;;;
1822;21;L6;B;2;1;;;;
1823;21;L6;B;6;1;;;;
1824;21;L6;B;6;1;;;;
1825;21;L6;B;6;1;;;;
1826;21;L6;B;9;1;;;;
1827;21;L6;B;10;1;;;;
1828;21;L6;B;11;1;;;;
1829;21;L6;B;11;1;;;;
1830;21;L6;B;12;1;;;;
1831;21;L6;B;14;0;;;;
1832;21;L6;B;14;0;;;;
1833;21;L6;B;14;0;;;;
1834;21;P;B;1;1;;;;
1835;21;P;B;1;1;;;;
1836;21;P;B;1;1;;;;
1837;21;P;B;1;1;;;;
1838;21;P;B;1;1;;;;
1839;21;P;B;1;1;;;;
1840;21;P;B;2;1;;;;
1841;21;P;B;3;1;;;;
1842;21;P;B;4;1;;;;
1843;21;P;B;9;1;;;;
1844;21;P;B;10;1;;;;
1845;21;P;B;12;1;;;;
1846;21;P;B;13;1;;;;
1847;21;P;B;13;1;;;;
1848;21;P;B;14;0;;;;
1849;21;P;B;14;0;;;;
1850;22;K;P;14;0;28;0;28;0
1851;22;K;P;14;0;28;0;28;0
1852;22;K;P;14;0;28;0;28;0
1853;22;K;P;14;0;28;0;28;0
1854;22;K;P;14;0;28;0;28;0
1855;22;K;P;14;0;28;0;28;0
1856;22;K;P;14;0;28;0;28;0
1857;22;K;P;14;0;28;0;28;0
1858;22;K;P;14;0;28;0;28;0
1859;22;K;P;14;0;28;0;28;0
1860;22;K;P;14;0;28;0;28;0
1861;22;K;P;14;0;28;0;28;0
1862;22;K;P;14;0;28;0;28;0
1863;22;K;P;14;0;28;0;28;0
1864;22;K;P;14;0;28;0;28;0
1865;22;K;P;14;0;22;1;26;1
1866;22;A;P;14;0;28;0;28;0
1867;22;A;P;14;0;28;0;28;0
1868;22;A;P;14;0;28;0;28;0
1869;22;A;P;14;0;28;0;28;0
1870;22;A;P;14;0;28;0;28;0
1871;22;A;P;14;0;28;0;28;0
1872;22;A;P;14;0;28;0;28;0
1873;22;A;P;14;0;28;0;28;0
1874;22;A;P;14;0;28;0;28;0
1875;22;A;P;14;0;28;0;28;0
1876;22;A;P;14;0;28;0;28;0
1877;22;A;P;14;0;28;0;28;0
1878;22;A;P;14;0;28;0;28;0
1879;22;A;P;14;0;13;1;19;1
1880;22;L2;P;3;1;28;0;28;0
1881;22;L2;P;8;1;28;0;28;0
1882;22;L2;P;14;0;28;0;28;0
1883;22;L2;P;14;0;28;0;28;0
1884;22;L2;P;14;0;28;0;28;0
1885;22;L2;P;14;0;28;0;28;0
1886;22;L2;P;14;0;28;0;28;0
1887;22;L2;P;14;0;28;0;28;0
1888;22;L2;P;14;0;28;0;28;0
1889;22;L2;P;14;0;28;0;28;0
1890;22;L2;P;14;0;28;0;28;0
1891;22;L2;P;14;0;28;0;28;0
1892;22;L2;P;14;0;28;0;28;0
1893;22;L2;P;14;0;28;0;28;0
1894;22;L2;P;14;0;28;0;28;0
1895;22;L2;P;14;0;28;0;28;0
1896;22;L3;P;1;1;28;0;28;0
1897;22;L3;P;14;0;28;0;28;0
1898;22;L3;P;14;0;28;0;28;0
1899;22;L3;P;14;0;28;0;28;0
1900;22;L3;P;14;0;28;0;28;0
1901;22;L3;P;14;0;28;0;28;0
1902;22;L3;P;14;0;28;0;28;0
1903;22;L3;P;14;0;28;0;28;0
1904;22;L3;P;14;0;28;0;28;0
1905;22;L3;P;14;0;28;0;28;0
1906;22;L3;P;14;0;28;0;28;0
1907;22;L3;P;14;0;28;0;28;0
1908;22;L3;P;14;0;28;0;28;0
1909;22;L3;P;14;0;28;0;28;0
1910;22;L3;P;14;0;16;1;24;1
1911;22;L3;P;14;0;19;1;26;1
1912;22;L6;P;1;1;28;0;28;0
1913;22;L6;P;3;1;28;0;28;0
1914;22;L6;P;5;1;28;0;28;0
1915;22;L6;P;7;1;28;0;28;0
1916;22;L6;P;14;1;28;0;28;0
1917;22;L6;P;14;0;28;0;28;0
1918;22;L6;P;14;0;28;0;28;0
1919;22;L6;P;14;0;28;0;28;0
1920;22;L6;P;14;0;28;0;28;0
1921;22;L6;P;14;0;28;0;28;0
1922;22;L6;P;14;0;28;0;28;0
1923;22;L6;P;14;0;28;0;28;0
1924;22;L6;P;14;0;28;0;28;0
1925;22;L6;P;14;0;28;0;28;0
1926;22;L6;P;14;0;28;0;28;0
1927;22;P;P;1;1;28;0;28;0
1928;22;P;P;4;1;28;0;28;0
1929;22;P;P;7;1;28;0;28;0
1930;22;P;P;12;1;28;0;28;0
1931;22;P;P;14;0;28;0;28;0
1932;22;P;P;14;0;28;0;28;0
1933;22;P;P;14;0;28;0;28;0
1934;22;P;P;14;0;28;0;28;0
1935;22;P;P;14;0;28;0;28;0
1936;22;P;P;14;0;28;0;28;0
1937;22;P;P;14;0;28;0;28;0
1938;22;P;P;14;0;28;0;28;0
1939;22;P;P;14;0;28;0;28;0
1940;22;P;P;14;0;28;0;28;0
1941;23;K;B;1;1;;;;
1942;23;K;B;1;1;;;;
1943;23;K;B;1;1;;;;
1944;23;K;B;1;1;;;;
1945;23;K;B;1;1;;;;
1946;23;K;B;1;1;;;;
1947;23;K;B;1;1;;;;
1948;23;K;B;1;1;;;;
1949;23;K;B;1;1;;;;
1950;23;K;B;2;1;;;;
1951;23;K;B;11;1;;;;
1952;23;K;B;11;1;;;;
1953;23;K;B;12;1;;;;
1954;23;K;B;13;1;;;;
1955;23;K;B;13;1;;;;
1956;23;K;B;13;1;;;;
1957;23;A;B;1;1;;;;
1958;23;A;B;1;1;;;;
1959;23;A;B;1;1;;;;
1960;23;A;B;2;1;;;;
1961;23;A;B;2;1;;;;
1962;23;A;B;8;1;;;;
1963;23;A;B;9;1;;;;
1964;23;A;B;9;1;;;;
1965;23;A;B;9;1;;;;
1966;23;A;B;10;1;;;;
1967;23;A;B;10;1;;;;
1968;23;A;B;10;1;;;;
1969;23;A;B;11;1;;;;
1970;23;A;B;11;1;;;;
1971;23;A;B;14;1;;;;
1972;23;A;B;14;1;;;;
1973;23;L2;B;1;1;;;;
1974;23;L2;B;1;1;;;;
1975;23;L2;B;1;1;;;;
1976;23;L2;B;1;1;;;;
1977;23;L2;B;1;1;;;;
1978;23;L2;B;1;1;;;;
1979;23;L2;B;2;1;;;;
1980;23;L2;B;2;1;;;;
1981;23;L2;B;2;1;;;;
1982;23;L2;B;3;1;;;;
1983;23;L2;B;6;1;;;;
1984;23;L2;B;8;1;;;;
1985;23;L2;B;9;1;;;;
1986;23;L2;B;9;1;;;;
1987;23;L2;B;10;1;;;;
1988;23;L2;B;14;1;;;;
1989;23;L3;B;1;1;;;;
1990;23;L3;B;1;1;;;;
1991;23;L3;B;1;1;;;;
1992;23;L3;B;1;1;;;;
1993;23;L3;B;1;1;;;;
1994;23;L3;B;1;1;;;;
1995;23;L3;B;1;1;;;;
1996;23;L3;B;3;1;;;;
1997;23;L3;B;4;1;;;;
1998;23;L3;B;9;1;;;;
1999;23;L3;B;10;1;;;;
2000;23;L3;B;12;1;;;;
2001;23;L3;B;12;1;;;;
2002;23;L3;B;13;1;;;;
2003;23;L3;B;13;1;;;;
2004;23;L3;B;14;1;;;;
2005;23;L6;B;1;1;;;;
2006;23;L6;B;1;1;;;;
2007;23;L6;B;1;1;;;;
2008;23;L6;B;1;1;;;;
2009;23;L6;B;1;1;;;;
2010;23;L6;B;1;1;;;;
2011;23;L6;B;2;1;;;;
2012;23;L6;B;2;1;;;;
2013;23;L6;B;3;1;;;;
2014;23;L6;B;4;1;;;;
2015;23;L6;B;10;1;;;;
2016;23;L6;B;12;1;;;;
2017;23;L6;B;14;0;;;;
2018;23;L6;B;14;0;;;;
2019;23;L6;B;14;0;;;;
2020;23;L6;B;14;0;;;;
2021;23;P;B;1;1;;;;
2022;23;P;B;1;1;;;;
2023;23;P;B;1;1;;;;
2024;23;P;B;1;1;;;;
2025;23;P;B;1;1;;;;
2026;23;P;B;2;1;;;;
2027;23;P;B;3;1;;;;
2028;23;P;B;4;1;;;;
2029;23;P;B;10;1;;;;
2030;23;P;B;10;1;;;;
2031;23;P;B;11;1;;;;
2032;23;P;B;13;1;;;;
2033;23;P;B;14;0;;;;
2034;23;P;B;14;0;;;;
2035;23;P;B;14;0;;;;
2036;23;P;B;14;0;;;;
2037;24;K;P;2;1;28;0;28;0
2038;24;K;P;14;0;28;0;28;0
2039;24;K;P;14;0;28;0;28;0
2040;24;K;P;14;0;28;0;28;0
2041;24;K;P;14;0;28;0;28;0
2042;24;K;P;14;0;28;0;28;0
2043;24;K;P;14;0;28;0;28;0
2044;24;K;P;14;0;28;0;28;0
2045;24;K;P;14;0;28;0;28;0
2046;24;K;P;14;0;28;0;28;0
2047;24;K;P;14;0;28;0;28;0
2048;24;K;P;14;0;28;0;28;0
2049;24;K;P;14;0;28;0;28;0
2050;24;K;P;14;0;13;1;19;1
2051;24;A;P;2;1;28;0;28;0
2052;24;A;P;11;1;28;0;28;0
2053;24;A;P;14;0;28;0;28;0
2054;24;A;P;14;0;28;0;28;0
2055;24;A;P;14;0;28;0;28;0
2056;24;A;P;14;0;28;0;28;0
2057;24;A;P;14;0;28;0;28;0
2058;24;A;P;14;0;28;0;28;0
2059;24;A;P;14;0;28;0;28;0
2060;24;A;P;14;0;28;0;28;0
2061;24;A;P;14;0;28;0;28;0
2062;24;A;P;14;0;28;0;28;0
2063;24;A;P;14;0;28;0;28;0
2064;24;A;P;14;0;28;0;28;0
2065;24;A;P;14;0;15;1;20;1
2066;24;L2;P;9;1;28;0;28;0
2067;24;L2;P;14;0;28;0;28;0
2068;24;L2;P;14;0;28;0;28;0
2069;24;L2;P;14;0;28;0;28;0
2070;24;L2;P;14;0;28;0;28;0
2071;24;L2;P;14;0;28;0;28;0
2072;24;L2;P;14;0;28;0;28;0
2073;24;L2;P;14;0;28;0;28;0
2074;24;L2;P;14;0;28;0;28;0
2075;24;L2;P;14;0;28;0;28;0
2076;24;L2;P;14;0;28;0;28;0
2077;24;L2;P;14;0;28;0;28;0
2078;24;L2;P;14;0;28;0;28;0
2079;24;L2;P;14;0;28;0;28;0
2080;24;L2;P;14;0;28;0;28;0
2081;24;L2;P;14;0;14;1;19;1
2082;24;L3;P;14;0;28;0;28;0
2083;24;L3;P;14;0;28;0;28;0
2084;24;L3;P;14;0;28;0;28;0
2085;24;L3;P;14;0;28;0;28;0
2086;24;L3;P;14;0;28;0;28;0
2087;24;L3;P;14;0;28;0;28;0
2088;24;L3;P;14;0;28;0;28;0
2089;24;L3;P;14;0;28;0;28;0
2090;24;L3;P;14;0;28;0;28;0
2091;24;L3;P;14;0;28;0;28;0
2092;24;L3;P;14;0;28;0;28;0
2093;24;L3;P;14;0;11;1;17;1
2094;24;L3;P;14;0;14;1;20;1
2095;24;L3;P;14;0;16;1;22;1
2096;24;L3;P;14;0;18;1;24;1
2097;24;L3;P;14;0;28;0;28;0
2098;24;L6;P;14;0;28;0;28;0
2099;24;L6;P;14;0;28;0;28;0
2100;24;L6;P;14;0;28;0;28;0
2101;24;L6;P;14;0;28;0;28;0
2102;24;L6;P;14;0;28;0;28;0
2103;24;L6;P;14;0;28;0;28;0
2104;24;L6;P;14;0;28;0;28;0
2105;24;L6;P;14;0;28;0;28;0
2106;24;L6;P;14;0;28;0;28;0
2107;24;L6;P;14;0;28;0;28;0
2108;24;L6;P;14;0;28;0;28;0
2109;24;L6;P;14;0;28;0;28;0
2110;24;L6;P;14;0;28;0;28;0
2111;24;L6;P;14;0;16;1;22;1
2112;24;L6;P;14;0;18;1;22;1
2113;24;L6;P;14;0;19;1;26;1
2114;24;P;P;1;1;28;0;28;0
2115;24;P;P;3;1;28;0;28;0
2116;24;P;P;5;1;28;0;28;0
2117;24;P;P;14;0;28;0;28;0
2118;24;P;P;14;0;28;0;28;0
2119;24;P;P;14;0;28;0;28;0
2120;24;P;P;14;0;28;0;28;0
2121;24;P;P;14;0;28;0;28;0
2122;24;P;P;14;0;28;0;28;0
2123;24;P;P;14;0;28;0;28;0
2124;24;P;P;14;0;28;0;28;0
2125;24;P;P;14;0;28;0;28;0
2126;24;P;P;14;0;28;0;28;0
2127;24;P;P;14;0;28;0;28;0
2128;24;P;P;14;0;12;1;17;1
